INSERT INTO company (id, name)
VALUES
    ('11111111-1111-1111-1111-111111111111', 'Acme LLC'),
    ('22222222-2222-2222-2222-222222222222', 'Globex Corp'),
    ('33333333-3333-3333-3333-333333333333', 'Initech'),
    ('44444444-4444-4444-4444-444444444444', 'Umbrella Inc'),
    ('55555555-5555-5555-5555-555555555555', 'Stark Industries');

INSERT INTO task (id, title)
VALUES
    ('aaaaaaaa-aaaa-aaaa-aaaa-aaaaaaaaaaaa', 'Prepare quarterly report'),
    ('bbbbbbbb-bbbb-bbbb-bbbb-bbbbbbbbbbbb', 'Implement authentication'),
    ('cccccccc-cccc-cccc-cccc-cccccccccccc', 'Fix production bugs'),
    ('dddddddd-dddd-dddd-dddd-dddddddddddd', 'Design new landing page'),
    ('eeeeeeee-eeee-eeee-eeee-eeeeeeeeeeee', 'Migrate database schema');

INSERT INTO person (id, full_name)
VALUES
    ('00000000-0000-0000-0000-000000000001', 'Ivan Petrenko'),
    ('00000000-0000-0000-0000-000000000002', 'Olena Kovalenko'),
    ('00000000-0000-0000-0000-000000000003', 'Andrii Shevchenko'),
    ('00000000-0000-0000-0000-000000000004', 'Maria Bondarenko'),
    ('00000000-0000-0000-0000-000000000005', 'Dmytro Melnyk'),
    ('00000000-0000-0000-0000-000000000006', 'Kateryna Tkachenko'),
    ('00000000-0000-0000-0000-000000000007', 'Serhii Ivanov');

INSERT INTO company_person (company_id, person_id, position)
VALUES
    ('11111111-1111-1111-1111-111111111111', '00000000-0000-0000-0000-000000000001', 'DIRECTOR'),
    ('22222222-2222-2222-2222-222222222222', '00000000-0000-0000-0000-000000000001', 'MANAGER'),
    ('33333333-3333-3333-3333-333333333333', '00000000-0000-0000-0000-000000000001', 'EMPLOYEE'),
    ('44444444-4444-4444-4444-444444444444', '00000000-0000-0000-0000-000000000001', 'EMPLOYEE'),
    ('55555555-5555-5555-5555-555555555555', '00000000-0000-0000-0000-000000000001', 'MANAGER'),

    ('22222222-2222-2222-2222-222222222222', '00000000-0000-0000-0000-000000000003', 'MANAGER'),

    ('11111111-1111-1111-1111-111111111111', '00000000-0000-0000-0000-000000000004', 'DIRECTOR'),
    ('44444444-4444-4444-4444-444444444444', '00000000-0000-0000-0000-000000000004', 'MANAGER'),
    ('55555555-5555-5555-5555-555555555555', '00000000-0000-0000-0000-000000000004', 'EMPLOYEE'),

    ('33333333-3333-3333-3333-333333333333', '00000000-0000-0000-0000-000000000005', 'EMPLOYEE'),
    ('55555555-5555-5555-5555-555555555555', '00000000-0000-0000-0000-000000000005', 'MANAGER'),

    ('11111111-1111-1111-1111-111111111111', '00000000-0000-0000-0000-000000000006', 'EMPLOYEE'),
    ('22222222-2222-2222-2222-222222222222', '00000000-0000-0000-0000-000000000006', 'MANAGER'),
    ('33333333-3333-3333-3333-333333333333', '00000000-0000-0000-0000-000000000006', 'EMPLOYEE'),
    ('44444444-4444-4444-4444-444444444444', '00000000-0000-0000-0000-000000000006', 'MANAGER'),
    ('55555555-5555-5555-5555-555555555555', '00000000-0000-0000-0000-000000000006', 'EMPLOYEE'),

    ('11111111-1111-1111-1111-111111111111', '00000000-0000-0000-0000-000000000007', 'EMPLOYEE'),
    ('22222222-2222-2222-2222-222222222222', '00000000-0000-0000-0000-000000000007', 'MANAGER'),
    ('44444444-4444-4444-4444-444444444444', '00000000-0000-0000-0000-000000000007', 'EMPLOYEE'),
    ('55555555-5555-5555-5555-555555555555', '00000000-0000-0000-0000-000000000007', 'MANAGER');

INSERT INTO person_task (person_id, task_id, participation_type)
VALUES
    ('00000000-0000-0000-0000-000000000001', 'aaaaaaaa-aaaa-aaaa-aaaa-aaaaaaaaaaaa', 'OWNER'),
    ('00000000-0000-0000-0000-000000000001', 'bbbbbbbb-bbbb-bbbb-bbbb-bbbbbbbbbbbb', 'EXECUTOR'),
    ('00000000-0000-0000-0000-000000000001', 'cccccccc-cccc-cccc-cccc-cccccccccccc', 'REVIEWER'),
    ('00000000-0000-0000-0000-000000000001', 'dddddddd-dddd-dddd-dddd-dddddddddddd', 'OBSERVER'),
    ('00000000-0000-0000-0000-000000000001', 'eeeeeeee-eeee-eeee-eeee-eeeeeeeeeeee', 'REVIEWER'),

    ('00000000-0000-0000-0000-000000000003', 'bbbbbbbb-bbbb-bbbb-bbbb-bbbbbbbbbbbb', 'OWNER'),
    ('00000000-0000-0000-0000-000000000003', 'dddddddd-dddd-dddd-dddd-dddddddddddd', 'EXECUTOR'),

    ('00000000-0000-0000-0000-000000000004', 'aaaaaaaa-aaaa-aaaa-aaaa-aaaaaaaaaaaa', 'OBSERVER'),

    ('00000000-0000-0000-0000-000000000005', 'aaaaaaaa-aaaa-aaaa-aaaa-aaaaaaaaaaaa', 'EXECUTOR'),
    ('00000000-0000-0000-0000-000000000005', 'bbbbbbbb-bbbb-bbbb-bbbb-bbbbbbbbbbbb', 'REVIEWER'),
    ('00000000-0000-0000-0000-000000000005', 'cccccccc-cccc-cccc-cccc-cccccccccccc', 'OBSERVER'),
    ('00000000-0000-0000-0000-000000000005', 'eeeeeeee-eeee-eeee-eeee-eeeeeeeeeeee', 'OWNER'),

    ('00000000-0000-0000-0000-000000000006', 'bbbbbbbb-bbbb-bbbb-bbbb-bbbbbbbbbbbb', 'EXECUTOR'),
    ('00000000-0000-0000-0000-000000000006', 'cccccccc-cccc-cccc-cccc-cccccccccccc', 'REVIEWER'),
    ('00000000-0000-0000-0000-000000000006', 'eeeeeeee-eeee-eeee-eeee-eeeeeeeeeeee', 'OWNER'),

    ('00000000-0000-0000-0000-000000000007', 'aaaaaaaa-aaaa-aaaa-aaaa-aaaaaaaaaaaa', 'OBSERVER'),
    ('00000000-0000-0000-0000-000000000007', 'bbbbbbbb-bbbb-bbbb-bbbb-bbbbbbbbbbbb', 'EXECUTOR'),
    ('00000000-0000-0000-0000-000000000007', 'cccccccc-cccc-cccc-cccc-cccccccccccc', 'REVIEWER'),
    ('00000000-0000-0000-0000-000000000007', 'dddddddd-dddd-dddd-dddd-dddddddddddd', 'OWNER'),
    ('00000000-0000-0000-0000-000000000007', 'eeeeeeee-eeee-eeee-eeee-eeeeeeeeeeee', 'REVIEWER');